method,mmd,energy_dist,authenticity,coverage,time
CT-GAN,0.09627255691508568,0.03717604233552052,0.5902269589917665,0.24684516664715334,60.34079623222351
microplex (tuned),0.12226096066537777,0.061300974230410255,0.8368270927436748,0.23598121084527748,77.05239200592041
QRF+ZI (tuned),0.12788220161746677,0.06965371822516042,0.09325264612274621,0.33056456910742366,30.481134176254272
XGBoost+ZI,0.13406436653635,0.08172936693002075,0.087390586411819,0.27101673733297105,2.3290679454803467
TVAE,0.2310721169399197,0.23245607465561324,0.14340761419817386,0.2974689423683628,26.090888023376465
QRF (no ZI),0.4697368939913108,0.900503108591674,0.08831718335604516,1.7198302309233946,4.778562068939209
Gaussian Copula,0.8103265892803289,6.752783922391524,2.0404725859089754,1.9194438933673958,1.431434154510498
