method,mmd,energy_dist,authenticity,coverage,time
microplex (tuned),0.11453960553926473,0.07841254978924805,1.069087594922221,0.2626513969242587,77.47518587112427
CT-GAN,0.12414009524788848,0.07483910078276601,0.5337731319705915,0.279943639509612,60.29855012893677
QRF+ZI (tuned),0.12788220161746677,0.06965371822516042,0.09325264612274621,0.33056456910742366,30.39476704597473
XGBoost+ZI,0.13869415360432794,0.08482277765797441,0.08533330150738883,0.2748922194662843,2.3348636627197266
TVAE,0.20218817235388867,0.1798213376182729,0.1756896445666215,0.3257819183924037,25.85578203201294
Gaussian Copula,0.8103265892803289,6.752783922391524,2.0404725859089754,1.9194438933673958,1.4318580627441406
