Method,Authenticity (mean),Authenticity (min),Coverage (mean),Coverage (max),Privacy Ratio,Closer to Train (%),MMD,Energy Distance
microplex,1.4719373734304684,0.0,0.28259647625951256,26.67126092443546,1.3876041158492163,72.34,0.15191936647054446,0.189529990780815
qrf_sequential,0.08422972571314213,0.0,1.7155726657491988,32.92419926598385,2.877431865873308,76.48,0.4712079747577344,0.9062505348993983
qrf_zero_inflation,0.09088129552253563,0.0,0.3772685537701603,32.70258060833162,2.2758234274584197,65.9,0.13046208223566114,0.07160729262349497
