{
  "qrf_sequential": {
    "variance_ratios": {
      "income": 0.06307157002505942,
      "assets": 0.0034020379352535392,
      "debt": 0.0004247393576199858,
      "savings": 0.01703169842590019
    },
    "conditional_variance_errors": {
      "income": 0.9357163221639043,
      "assets": 0.9837697807326192,
      "debt": 0.9967487966953469,
      "savings": 0.9746031092106039
    },
    "crps": {
      "income": 32560.48480455633,
      "assets": 75154.57705551261,
      "debt": 10186.183984535146,
      "savings": 7590.482365055484
    }
  },
  "qrf_zero_inflation": {
    "variance_ratios": {
      "income": 0.06258303363162827,
      "assets": 0.03414677443193261,
      "debt": 0.04567697940887243,
      "savings": 0.06461949555932757
    },
    "conditional_variance_errors": {
      "income": 0.9335081585913124,
      "assets": 0.833597560930808,
      "debt": 0.8522673392393657,
      "savings": 0.8819589997429196
    },
    "crps": {
      "income": 32530.774113788055,
      "assets": 69257.59048257105,
      "debt": 8657.356715918853,
      "savings": 7041.15121923236
    }
  },
  "microplex": {
    "variance_ratios": {
      "income": 1.3475455937185004,
      "assets": 6.382663593338188,
      "debt": 3.033426947999721,
      "savings": 1.5282569074164627
    },
    "conditional_variance_errors": {
      "income": 1.757486934482071,
      "assets": 13.226578942397337,
      "debt": 4.695792732945473,
      "savings": 2.522877253245889
    },
    "crps": {
      "income": 29002.76099949008,
      "assets": 68044.52891964554,
      "debt": 8169.218164747866,
      "savings": 6704.056761171701
    }
  }
}