method,cond_mmd,target_mmd,joint_mmd,time
CT-GAN,0.11858314294642136,0.13823647660564373,0.1390349789821181,56.425487756729126
TVAE,0.18734142598531364,0.16595096545339236,0.19125623040798687,24.558475971221924
Gaussian Copula,0.11279594598807205,0.347873117998337,0.23121743396787886,2.4372987747192383
