method,cond_mmd,target_mmd,joint_mmd,time
microplex,0.012205728981483213,0.0801667374165846,0.10837475669093859,20.113948822021484
CT-GAN,0.10443139822475064,0.05203332641526303,0.09616782962293756,55.82759714126587
TVAE,0.17223485929557655,0.1421805932438464,0.16974297462602855,25.058035135269165
Gaussian Copula,0.11279594598807205,0.347873117998337,0.23121743396787886,2.3078439235687256
