method,target_mmd,target_energy,time,type
NND.hotdeck (FILTER),0.0,0.00010076622397425794,0.7841610908508301,filtering
Binning (FILTER),0.0,2.3532192952480102e-05,2.4988253116607666,filtering
QRF+ZI (PREDICT),0.07725531470412278,0.03508081808408736,13.898022890090942,prediction
microplex (JOINT),0.18174467283765103,0.1365223085269447,19.701925039291382,joint
CT-GAN (JOINT*),0.04333717023742819,0.010986144843117884,36.72522306442261,joint
