method,target_mmd,target_energy,time,type
NND.hotdeck (FILTER),0.0,0.00010076622397425794,0.6831917762756348,filtering
Binning (FILTER),0.0,2.3532192952480102e-05,2.6791610717773438,filtering
QRF+ZI (PREDICT),0.07725531470412278,0.03508081808408736,12.860822916030884,prediction
microplex (JOINT),0.06617186281731197,0.02525602165985763,19.281394958496094,joint
CT-GAN (JOINT*),0.04802335274033213,0.012547827654338928,35.70978116989136,joint
