method,mmd,energy_dist,authenticity,coverage,time
StatMatch (NN),0.012530492270539388,0.00176183949009312,0.021154545057210795,0.0716171135922986,0.15371489524841309
CT-GAN,0.05316933358205149,0.011946088257901666,0.06272659091350047,0.09211976696359231,53.13589406013489
Quantile+ZI,0.07260516554206499,0.026594551411989187,0.013913919146420253,0.28588616292616464,2.3952958583831787
Linear+ZI,0.07897693630730218,0.022923411853195574,0.028373395325021818,0.10168534409029825,0.48597192764282227
QRF+ZI,0.07924489939975596,0.03426946574665801,0.01012186279352792,0.23536957874516956,18.086456060409546
XGBoost+ZI,0.08220746804299353,0.03354879257518739,0.030112159557648874,0.08684636716195154,1.2883436679840088
Binning,0.0827789545922467,0.027518533644569576,0.022593403031194177,0.1899916275082339,2.382969856262207
microplex,0.09322698650126228,0.03897876382437815,0.2548696486927102,0.14059384978022754,76.20276999473572
QRF (no ZI),0.44882609389847006,0.6750179213564234,0.011850765945454898,1.1521161059626335,1.1817617416381836
