method,n_vars,demo_mmd,income_mmd,time
Sequential Fusion,45,0.004918984375961675,0.2115752517143772,19.749333143234253
Stacked Imputation,45,0.12329903617602912,0.5478052981938126,5.533692121505737
Unified Microplex,19,0.14452178748901992,0.4098818334977896,126.1265299320221
Oracle,48,0.009173871401090727,0.0,0.0
