Method,Authenticity (mean),Authenticity (min),Coverage (mean),Coverage (max),Privacy Ratio,Closer to Train (%),MMD,Energy Distance
microplex,0.7020473598597373,0.050476700601966025,0.6232184196369489,14.111555412844098,1.5948130949262669,81.5,0.039264727420417485,0.009776960959980485
qrf_sequential,0.30617726396845707,0.0392653399007868,0.9968090976442846,24.98693016989471,1.9600923283443483,83.6,0.16382262671127445,0.10780933338387433
copula,0.7330371022964295,0.10446209777168707,0.7216466373326961,22.878519712797058,1.4999899435275381,80.5,0.14412275892748094,0.09221913414336091
ctgan,0.6840071880938143,0.06262042612964715,0.7237960809921381,21.18226871682016,1.4895872100976681,80.30000000000001,0.05210918217109845,0.011365936399897691
tvae,0.36057948229416775,0.04803221764897481,0.8422110352614883,23.82098622461332,1.8276725864545802,83.39999999999999,0.1394831502050589,0.08827384899713353
