method,demo_mmd,income_mmd,coverage_mean,coverage_median,coverage_p90,coverage_p99,elderly_selfemp_pop,elderly_selfemp_recon,elderly_selfemp_ratio,young_dividend_pop,young_dividend_recon,young_dividend_ratio,time,coverage
Weighted (10%),0.014163257670512226,0.3095187083000937,0.5392293192118486,0.2422768436072023,1.155986522670132,4.8848585281289125,980,0,0.0,778,0,0.0,4.256464004516602,0.1
Generative (10%),0.00734598666840795,0.6637646604064075,0.5893480017751078,0.5329912174541771,1.075968655468742,1.7514328441136464,980,5436,27.73469387755102,778,3203,20.58483290488432,146.3777289390564,0.1
Weighted (2%),0.011016613888369144,0.7246886859969659,0.6547914358296409,0.35173505201368005,1.4340514340193233,6.4702818770484,980,3,0.015306122448979591,778,0,0.0,2.1378748416900635,0.02
Generative (2%),0.018093244815402646,0.6007803337764256,0.5213515181896132,0.42469470546523796,1.0381633521853006,1.7069024405547315,980,4324,22.06122448979592,778,5029,32.32005141388175,92.07200908660889,0.02
Weighted (1%),0.00333874489408148,0.3196092245639519,1.0387911840908186,0.6521422689756198,2.386006057521714,7.763127052652185,980,0,0.0,778,0,0.0,1.2508940696716309,0.01
Generative (1%),0.013879815823350298,0.4374466979591101,0.36784481020509896,0.24905629588107853,0.6748771740824506,1.9554729954677368,980,1403,7.158163265306122,778,265,1.7030848329048844,75.46381092071533,0.01
Oracle,0.015324983082547216,0.00708853912986738,0.0887090502137913,0.009362932492628553,0.2539899126312401,1.0480836829252884,980,185,0.9438775510204082,778,173,1.1118251928020566,0.0,1.0
