method,demo_mmd,income_mmd,coverage_mean,coverage_median,coverage_p90,coverage_p99,elderly_selfemp_pop,elderly_selfemp_recon,elderly_selfemp_ratio,young_dividend_pop,young_dividend_recon,young_dividend_ratio,time,coverage
Weighted (10%),0.014163257670535742,0.309518708300095,0.5392293192118486,0.2422768436072023,1.155986522670132,4.8848585281289125,980,0,0.0,778,0,0.0,5.1396589279174805,0.1
Weighted (2%),0.0,0.7160308238865077,0.6558060691707802,0.34379130847465544,1.4501061049225923,6.572934058723967,980,11,0.05612244897959184,778,0,0.0,2.2942569255828857,0.02
Generative (2%),0.021442823344618396,0.6424841510463795,0.5316317278212115,0.25227288988934665,1.4645825071715122,3.771863114266973,980,6369,32.494897959183675,778,4654,29.910025706940875,9.794167041778564,0.02
Weighted (1%),0.003338744893915217,0.31960922456394847,1.0387911840908186,0.6521422689756196,2.386006057521714,7.763127052652185,980,0,0.0,778,0,0.0,1.7950232028961182,0.01
Generative (1%),0.03002444322046162,0.3898883489775563,1.0202688697619944,0.4924838431560163,2.363751601635033,7.283098815452937,980,0,0.0,778,0,0.0,4.571079969406128,0.01
Oracle,0.015324983082558082,0.007088539129961354,0.0887090502137913,0.009362932492628553,0.2539899126312401,1.0480836829252882,980,185,0.9438775510204082,778,173,1.1118251928020566,0.0,1.0
