method,demo_mmd,income_mmd,joint_mmd
Sequential Fusion,0.0,0.34658017470388847,0.19312720831642885
Stacked Imputation,0.21964680844877105,0.47650643288925465,0.4091086577613766
Mosaic Synthesis,0.0,0.7777429417015783,0.5481222155199466
Unified Generative,0.21526042584654473,0.6685325369419907,0.47139453064425807
Oracle (True Pop),0.0,0.0,0.0
